Spieler_ID;Vereins_ID;Trikot_Nr;Spieler_Name;Land;Spiele;Tore;Vorlagen
1;5;1;ManuelNeuer;Deutschland;34;0;0
2;5;26;SvenUlreich;Deutschland;3;0;0
3;5;36;ChristianFruchtl;Deutschland;0;0;0
4;5;39;RonThorbenHoffmann;Deutschland;0;0;0
5;5;32;JoshuaKimmich;Deutschland;36;2;12
6;5;27;DavidAlaba;Österreich;33;2;4
7;5;4;NiklasSüle;Deutschland;31;1;0
8;5;5;MatsHummels;Deutschland;23;1;1
9;5;17;JeromeBoateng;Deutschland;23;0;1
10;5;13;Rafinha;Brasilien;21;1;1
11;5;33;LukasMai;Deutschland;0;0;0
12;5;23;JonathanMeier;Deutschland;0;0;0
13;5;25;ThomasMüller;Deutschland;33;7;9
14;5;18;LeonGoretzka;Deutschland;31;6;4
15;5;6;Thiago;Spanien;30;2;5
16;5;7;FranckRibery;Frankreich;29;5;3
17;5;8;JaviMartinez;Spanien;26;3;0
18;5;11;James;Kolumbien;23;7;5
19;5;35;RenatoSanches;Portugal;21;1;1
20;5;10;ArjenRobben;Niederlande;14;5;1
21;5;24;CorentinTolisso;Frankreich;3;1;0
22;5;9;RobertLewandowski;Polen;35;27;8
23;5;22;SergeGnabry;Deutschland;31;9;4
24;5;29;KingsleyComan;Frankreich;18;5;1
25;5;20;Woo-yeongJeong;Republik Korea (Südkorea);2;0;0
26;1;1;RomanBürki;Schweiz;33;0;0
27;1;35;MarwinHitz;Schweiz;3;0;0
28;1;40;EricOelschlägel;Deutschland;1;0;0
29;1;25;LucaUnbehaun;Deutschland;0;0;0
30;1;4;AbdouDiallo;Frankreich;32;1;1
31;1;5;AchrafHakimi;Marokko;27;3;7
32;1;13;RaphaelGuerreiro;Portugal;26;6;5
33;1;26;LukaszPiszczek;Polen;23;1;6
34;1;16;ManuelAkanji;Schweiz;23;1;0
35;1;2;DanAxelZagadou;Frankreich;19;2;0
36;1;36;ÖmerToprak;Türkei;12;0;0
37;1;29;MarcelSchmelzer;Deutschland;11;0;1
38;1;18;LeonardoBalerdi;Argentinien;0;0;0
39;1;28;AxelWitsel;Belgien;35;5;1
40;1;6;ThomasDelaney;Dänemark;30;2;2
41;1;10;MarioGötze;Deutschland;26;4;6
42;1;22;ChristianPulisic;Unbekannt;25;5;4
43;1;34;JacobBruunLarsen;Dänemark;24;3;2
44;1;19;MahmoudDahoud;Deutschland;18;1;0
45;1;33;JulianWeigl;Deutschland;17;1;0
46;1;27;MariusWolf;Deutschland;17;1;0
47;1;17;SergioGomez;Spanien;1;0;0
48;1;7;JadonSancho;England;35;9;14
49;1;11;MarcoReus;Deutschland;31;19;8
50;1;9;PacoAlcacer;Spanien;26;15;2
51;1;20;MaximilianPhilipp;Deutschland;20;2;3
52;4;1;PeterGulacsi;Ungarn;30;0;0
53;4;28;YvonMvogo;Schweiz;11;0;0
54;4;32;JulianKrahl;Deutschland;0;0;0
55;4;6;IbrahimaKonate;Frankreich;33;3;1
56;4;16;LukasKlostermann;Deutschland;32;3;2
57;4;4;WilliOrban;Ungarn;30;4;1
58;4;23;MarcelHalstenberg;Deutschland;27;1;8
59;4;22;NordiMukiele;Frankreich;21;0;0
60;4;5;DayotUpamecano;Frankreich;20;0;0
61;4;3;MarceloSaracchi;Uruguay;19;0;0
62;4;5;AtincNukan;Türkei;0;0;0
63;4;31;DiegoDemme;Deutschland;34;0;2
64;4;27;KonradLaimer;Österreich;32;2;2
65;4;44;KevinKampl;Slowenien;31;2;7
66;4;13;StefanIlsanker;Österreich;31;0;0
67;4;14;TylerAdams;Unbekannt;9;0;1
68;4;40;ErikMajetschak;Deutschland;2;0;0
69;4;26;NiclasStierlin;Deutschland;2;0;0
70;4;8;AmadouHaidara;Mali;1;0;0
71;4;53;TomKrauss;Deutschland;0;0;0
72;4;34;NoadMekonnen;Deutschland;0;0;0
73;4;43;MaxWinter;Deutschland;0;0;0
74;4;9;YussufPoulsen;Dänemark;36;15;5
75;4;20;MatheusCunha;Brasilien;32;8;0
76;4;29;Jean-KevinAugustin;Frankreich;29;8;1
77;4;11;TimoWerner;Deutschland;27;14;3
78;4;17;Bruma;Portugal;25;3;3
79;4;10;EmilForsberg;Schweden;19;3;3
80;4;0;EmreAslan;Türkei;0;0;0
81;4;42;NoahJeanHolm;Norwegen;0;0;0
82;4;42;NoahJeanHolm;Norwegen;0;0;0
83;4;18;EmileSmith-Rowe;England;0;0;0
84;2;1;YannSommer;Schweiz;27;0;0
85;2;21;TobiasSippel;Deutschland;1;0;0
86;2;35;MoritzNicolas;Deutschland;0;0;0
87;2;17;OscarWendt;Schweden;28;1;2
88;2;30;NicoElvedi;Schweiz;24;2;0
89;2;28;MatthiasGinter;Deutschland;21;1;0
90;2;3;MichaelLang;Schweiz;18;1;0
91;2;24;TonyJantschke;Deutschland;13;0;2
92;2;15;LouisBeyer;Deutschland;7;0;0
93;2;40;AndreasPoulsen;Dänemark;1;0;0
94;2;29;MamadouDoucoure;Frankreich;0;0;0
95;2;42;FlorianMayer;Deutschland;0;0;0
96;2;32;FlorianNeuhaus;Deutschland;27;3;7
97;2;8;DenisZakaria;Schweiz;24;2;0
98;2;23;JonasHofmann;Deutschland;22;6;7
99;2;5;TobiasStrobl;Deutschland;22;0;4
100;2;7;PatrickHerrmann;Deutschland;19;3;3
101;2;19;FabianJohnson;Vereinigte Staaten;16;1;0
102;2;6;ChristophKramer;Deutschland;13;2;0
103;2;16;IbrahimaTraore;Unbekannt;12;0;1
104;2;27;MickaelCuisance;Frankreich;11;0;1
105;2;26;TorbenMusel;Deutschland;0;0;0
106;2;14;AlassanePlea;Frankreich;27;14;3
107;2;10;ThorganHazard;Belgien;27;12;11
108;2;13;LarsStindl;Deutschland;19;3;0
109;2;11;Raffael;Brasilien;10;4;1
110;2;18;JosipDrmic;Schweiz;2;0;0
111;2;37;KeananBennetts;England;0;0;0
112;2;20;JulioVillalba;Paraguay;0;0;0
113;3;31;KevinTrapp;Deutschland;33;0;0
114;3;1;FrederikRonnow;Dänemark;5;0;0
115;3;41;TobiasStirl;Deutschland;0;0;0
116;3;24;DannyDaCosta;Deutschland;37;4;5
117;3;2;EvanN'Dicka;Frankreich;31;1;1
118;3;15;JetroWillems;Niederlande;29;0;2
119;3;19;DavidAbraham;Argentinien;16;0;0
120;3;13;MartinHinteregger;Österreich;11;2;0
121;3;3;SimonFalette;Frankreich;9;0;1
122;3;23;MarcoRuss;Deutschland;9;0;0
123;3;33;TalebTawatha;Israel;6;0;1
124;3;18;AlmamyToure;Mali;4;0;0
125;3;22;TimothyChandler;Vereinigte Staaten;0;0;0
126;3;25;PatriceKabuya;Deutschland;0;0;0
127;3;35;Tuta;Brasilien;0;0;0
128;3;11;MijatGacinovic;Serbien;35;2;4
129;3;20;MakotoHasebe;Japan;31;0;0
130;3;6;JonathandeGuzman;Niederlande;29;2;8
131;3;5;GelsonFernandes;Schweiz;27;1;0
132;3;27;NicolaiMüller;Deutschland;12;2;0
133;3;17;SebastianRode;Deutschland;12;0;1
134;3;21;MarcStendera;Deutschland;11;0;0
135;3;16;LucasTorro;Spanien;8;1;0
136;3;28;Allan;Brasilien;4;0;0
137;3;30;SahverdiCetin;Deutschland;0;0;0
138;3;0;PatrickFinger;Deutschland;0;0;0
139;3;18;ChicoGeraldes;Portugal;0;0;0
140;3;36;MischaHauser;Deutschland;0;0;0
141;3;27;NilsStendera;Deutschland;0;0;0
142;3;9;SebastianHaller;Frankreich;36;19;12
143;3;8;LukaJovic;Serbien;35;22;6
144;3;4;AnteRebic;Kroatien;26;9;3
145;3;39;GoncaloPaciencia;Portugal;8;3;1
146;3;31;BranimirHrgota;Schweden;1;0;0
147;3;32;NelsonMandelaMbouhom;Kamerun;0;0;0
148;12;1;LucasHradecky;Finnland;32;0;0
149;12;28;RamazanÖzcan;Österreich;4;0;0
150;12;24;ThorstenKirschbaum;Deutschland;1;0;0
151;12;40;TomaszKucz;Polen;0;0;0
152;12;23;MitchellWeiser;Deutschland;33;2;2
153;12;18;Wendell;Brasilien;31;2;1
154;12;4;JonathanTah;Deutschland;30;2;0
155;12;6;AleksandarDragovic;Österreich;25;2;1
156;12;16;TinJedvaj;Kroatien;20;2;0
157;12;3;PanagiotisRetsos;Griechenland;1;0;0
158;12;36;AdrianStanilewicz;Deutschland;1;0;0
159;12;29;KaiHavertz;Deutschland;34;13;7
160;12;5;SvenBender;Deutschland;24;0;0
161;12;38;KarimBellarabi;Deutschland;23;9;5
162;12;8;LarsBender;Deutschland;22;1;2
163;12;20;CharlesAranguiz;Chile;21;2;4
164;12;21;DominikKohr;Deutschland;21;2;2
165;12;15;JulianBaumgartlinger;Österreich;19;0;0
166;12;30;SamSchreck;Deutschland;2;0;0
167;12;37;HerdiBukusu;Deutschland;0;0;0
168;12;9;LeonBailey;Jamaika;35;5;3
169;12;31;KevinVolland;Deutschland;34;12;9
170;12;10;JulianBrandt;Deutschland;34;7;12
171;12;13;LucasAlario;Argentinien;27;7;2
172;12;7;Paulinho;Brasilien;17;1;0
173;12;11;IsaacThelin;Schweden;14;1;0
174;12;32;JakubBednarczyk;Polen;1;0;0
175;12;17;JoelPohjanpalo;Finnland;0;0;0
176;9;1;KoenCasteels;Belgien;28;0;0
177;9;12;PavaoPervan;Österreich;2;0;0
178;9;36;PhillipMenzel;Deutschland;0;0;0
179;9;25;JohnBrooks;Unbekannt;28;2;2
180;9;15;JeromeRoussillon;Frankreich;27;2;3
181;9;2;William;Brasilien;27;1;1
182;9;31;RobinKnoche;Deutschland;26;2;0
183;9;17;FelixOhisUduokhai;Deutschland;11;0;0
184;9;32;MarcelTisserand;Kongo DR;5;0;0
185;9;3;PaulVerhaegh;Niederlande;3;0;0
186;9;35;Gian-LucaItter;Deutschland;2;0;0
187;9;27;MaximilianArnold;Deutschland;29;1;4
188;9;8;RenatoSteffen;Schweiz;27;3;1
189;9;13;YannickGerhardt;Deutschland;27;2;1
190;9;37;ElvisRexhbecaj;Albanien;21;1;1
191;9;10;YunusMalli;Türkei;16;1;1
192;9;23;JosuhaGuilavogui;Frankreich;13;2;0
193;9;4;IgnacioCamacho;Spanien;6;0;0
194;9;29;JohnYeboah;Deutschland;3;0;0
195;9;38;IsmailAzzaoui;Belgien;0;0;0
196;9;9;WoutWeghorst;Niederlande;28;13;4
197;9;21;JosipBrekalo;Kroatien;24;2;4
198;9;14;AdmirMehmedi;Schweiz;20;7;3
199;9;33;DanielGinczek;Deutschland;19;6;2
200;9;11;FelixKlaus;Deutschland;8;0;0
201;9;7;Paul-GeorgesNtep;Frankreich;0;0;0
202;9;34;MarvinStefaniak;Deutschland;0;0;0
203;7;1;JiriPavlenka;Tschechien;29;0;0
204;7;40;LucaPlogmann;Deutschland;1;0;0
205;7;27;StefanosKapino;Griechenland;0;0;0
206;7;23;TheodorGebreSelassie;Tschechien;29;2;3
207;7;5;LudwigAugustinsson;Schweden;29;1;4
208;7;18;NiklasMoisander;Finnland;25;0;0
209;7;13;MilosVeljkovic;Serbien;19;1;0
210;7;15;SebastianLangkamp;Deutschland;16;0;0
211;7;32;MarcoFriedl;Österreich;5;0;0
212;7;2;FelixBeijmo;Schweden;0;0;0
213;7;39;Jan-NiklasBeste;Deutschland;0;0;0
214;7;21;JulianRieckmann;Deutschland;0;0;0
215;7;35;MaximilianEggestein;Deutschland;29;6;5
216;7;30;DavyKlaassen;Niederlande;29;4;3
217;7;6;KevinMöhwald;Deutschland;18;2;1
218;7;44;PhilippBargfrede;Deutschland;17;1;0
219;7;17;NuriSahin;Türkei;15;1;1
220;7;36;ThoreJacobsen;Deutschland;0;0;0
221;7;34;Jean-ManuelMbom;Deutschland;0;0;0
222;7;25;ThanosPetsos;Griechenland;0;0;0
223;7;0;RomanoSchmid;Österreich;0;0;0
224;7;10;MaxKruse;Deutschland;28;9;11
225;7;4;ClaudioPizarro;Peru;23;5;2
226;7;24;JohannesEggestein;Deutschland;21;4;1
227;7;11;MilotRashica;Kosovo;20;8;1
228;7;9;MartinHarnik;Österreich;17;7;1
229;7;8;YuyaOsako;Japan;15;4;1
230;7;19;JoshSargent;Unbekannt;9;2;0
231;7;22;FinBartels;Deutschland;2;0;0
232;7;20;AronJohannsson;Vereinigte Staaten;0;0;0
233;6;1;OliverBaumann;Deutschland;31;0;1
234;6;33;AlexanderStolz;Deutschland;0;0;0
235;6;3;PavelKaderabek;Tschechien;29;4;5
236;6;4;ErminBicakcic;Unbekannt;22;1;2
237;6;38;StefanPosch;Österreich;19;0;0
238;6;2;JoshuaBrenet;Niederlande;13;3;1
239;6;15;KasimNuhu;Ghana;13;0;0
240;6;21;BenjaminHübner;Deutschland;7;0;0
241;6;41;AlfonsAmade;Deutschland;1;0;0
242;6;0;LucasRibeiro;Brasilien;0;0;0
243;6;16;NicoSchulz;Deutschland;31;2;5
244;6;11;FlorianGrillitsch;Österreich;28;1;1
245;6;22;KevinVogt;Deutschland;26;0;0
246;6;10;KeremDemirbay;Deutschland;25;4;6
247;6;13;LeonardoBittencourt;Deutschland;22;1;4
248;6;18;NadiemAmiri;Deutschland;7;0;0
249;6;8;DennisGeiger;Deutschland;5;0;1
250;6;37;RobinHack;Deutschland;1;0;0
251;6;42;ChristophBaumgartner;Österreich;0;0;0
252;6;7;LukasRupp;Deutschland;0;0;0
253;6;40;Joelinton;Brasilien;32;11;7
254;6;28;AdamSzalai;Ungarn;30;4;2
255;6;27;AndrejKramaric;Kroatien;29;18;2
256;6;19;IshakBelfodil;Algerien;27;9;2
257;6;9;ReissNelson;England;24;6;0
258;6;26;DavidOtto;Deutschland;2;0;0
259;6;44;NicolasWahling;Deutschland;0;0;0
260;8;22;RuneJarstein;Norwegen;27;0;0
261;8;1;ThomasKraft;Deutschland;3;0;0
262;8;35;MariusGersbeck;Deutschland;0;0;0
263;8;33;JonathanKlinsmann;Unbekannt;0;0;0
264;8;12;DennisSmarsch;Deutschland;0;0;0
265;8;28;FabianLustenberger;Schweiz;24;0;1
266;8;17;MaximilianMittelstädt;Deutschland;22;3;1
267;8;5;NiklasStark;Deutschland;22;1;0
268;8;21;MarvinPlattenhardt;Deutschland;19;1;2
269;8;4;KarimRekik;Niederlande;19;0;0
270;8;25;JordanTorunarigha;Deutschland;16;2;2
271;8;13;LukasKlünter;Deutschland;5;0;0
272;8;31;DerrickLuckassen;Niederlande;4;0;0
273;8;2;PeterPekarik;Slowakei;2;0;0
274;8;29;FlorianBaak;Deutschland;1;0;0
275;8;37;PanzuErnesto;Deutschland;0;0;0
276;8;10;OndrejDuda;Slowakei;28;10;2
277;8;20;ValentinoLazaro;Österreich;27;2;4
278;8;8;SalomonKalou;Elfenbeinküste;25;5;3
279;8;23;ArneMaier;Deutschland;25;0;0
280;8;15;MarkoGrujic;Serbien;17;3;0
281;8;16;JavairoDilrosun;Niederlande;11;2;3
282;8;6;VladimirDarida;Tschechien;11;0;1
283;8;3;PerCiljanSkjelbred;Norwegen;9;0;1
284;8;32;DennisJastrzembski;Deutschland;6;0;1
285;8;34;MauriceCovic;Deutschland;0;0;0
286;8;30;JuliusKade;Deutschland;0;0;0
287;8;19;VedadIbisevic;Bosnien-Herzegowina;26;11;2
288;8;27;DavieSelke;Deutschland;25;4;6
289;8;11;MathewLeckie;Australien;13;2;0
290;8;24;PalkoDardai;Deutschland;7;0;0
291;8;14;PascalKöpke;Deutschland;5;0;0
292;8;36;MuhammedKiprit;Deutschland;0;0;0
293;11;1;AlexanderSchwolow;Deutschland;28;0;1
294;11;26;MarkFlekken;Niederlande;0;0;0
295;11;37;ConstantinFrommann;Deutschland;0;0;0
296;11;23;DominiqueHeintz;Deutschland;28;1;1
297;11;30;ChristianGünter;Deutschland;26;0;3
298;11;5;ManuelGulde;Deutschland;21;1;0
299;11;17;LukasKübler;Deutschland;16;0;2
300;11;15;PascalStenzel;Deutschland;16;0;2
301;11;3;PhilippLienhart;Österreich;16;0;0
302;11;36;ChimaOkoroji;England;2;0;0
303;11;31;KevenSchlotterbeck;Deutschland;2;0;0
304;11;49;NicoSchlotterbeck;Deutschland;1;0;0
305;11;8;MikeFrantz;Deutschland;25;3;1
306;11;19;JanikHaberer;Deutschland;22;1;3
307;11;20;JeromeGondorf;Deutschland;21;2;2
308;11;27;NicolasHöfler;Deutschland;13;0;0
309;11;32;VincenzoGrifo;Italien;8;3;3
310;11;22;RolandSallai;Ungarn;7;2;0
311;11;6;AmirAbrashi;Albanien;5;0;0
312;11;21;BrandonBorrello;Australien;0;0;0
313;11;35;LucaHerrmann;Deutschland;0;0;0
314;11;38;FlorianKath;Deutschland;0;0;0
315;11;11;LucaWaldschmidt;Deutschland;26;7;1
316;11;18;NilsPetersen;Deutschland;24;10;2
317;11;9;LucasHöler;Deutschland;21;3;0
318;11;7;FlorianNiederlechner;Deutschland;19;4;1
319;11;13;MarcoTerrazzino;Deutschland;12;0;0
320;11;34;TimKleindienst;Deutschland;6;0;1
321;17;1;MichaelRensing;Deutschland;25;0;1
322;17;16;JaroslavDrobny;Tschechien;3;0;0
323;17;30;RaphaelWolf;Deutschland;1;0;0
324;17;38;TimWiesner;Deutschland;0;0;0
325;17;25;MatthiasZimmermann;Deutschland;28;1;3
326;17;23;NikoGießelmann;Deutschland;27;0;4
327;17;5;KaanAyhan;Türkei;24;4;0
328;17;35;MarcinKaminski;Polen;22;0;1
329;17;39;JeanZimmer;Deutschland;20;1;4
330;17;13;AdamBodzek;Deutschland;16;0;0
331;17;32;RobinBormuth;Deutschland;9;0;0
332;17;3;AndreHoffmann;Deutschland;7;0;0
333;17;14;MarkusSuttner;Österreich;2;0;0
334;17;26;DiegoContento;Deutschland;1;0;0
335;17;24;GeorgiosSiadas;Griechenland;0;0;0
336;17;6;AlfredoMorales;Vereinigte Staaten;21;1;1
337;17;22;KevinStöger;Österreich;20;1;8
338;17;33;TakashiUsami;Japan;19;1;3
339;17;11;KenanKaraman;Türkei;17;1;1
340;17;7;OliverFink;Deutschland;14;2;0
341;17;31;MarcelSobottka;Deutschland;13;0;0
342;17;8;AymenBarkok;Deutschland;9;0;0
343;17;19;DavorLovren;Kroatien;2;0;0
344;17;40;KianzFroese;Kanada;0;0;0
345;17;20;DodiLukebakio;Unbekannt;27;12;4
346;17;28;RouwenHennings;Deutschland;26;5;3
347;17;9;BenitoRaman;Belgien;24;8;2
348;17;10;MarvinDucksch;Deutschland;18;4;1
349;17;27;DawidKownacki;Polen;5;2;1
350;17;21;EmirKujovic;Schweden;0;0;0
351;10;22;FlorianMüller;Deutschland;18;0;0
352;10;27;RobinZentner;Deutschland;10;0;0
353;10;1;ReneAdler;Deutschland;0;0;0
354;10;37;FinnDahmen;Deutschland;0;0;0
355;10;33;JannikHuth;Deutschland;0;0;0
356;10;3;AaronCaricol;Spanien;26;0;3
357;10;16;StefanBell;Deutschland;26;0;0
358;10;19;MoussaNiakhate;Frankreich;26;0;0
359;10;18;DanielBrosinski;Deutschland;24;2;5
360;10;42;AlexanderHack;Deutschland;9;1;2
361;10;23;PhilippMwene;Österreich;7;1;0
362;10;26;NikoBungert;Deutschland;4;0;0
363;10;2;GiulioDonati;Italien;4;0;0
364;10;24;GaetanBussmann;Frankreich;2;0;0
365;10;31;AhmetGurleyen;Deutschland;1;0;0
366;10;25;Jean-PhilippeGbamin;Elfenbeinküste;26;2;0
367;10;14;PierreKunde;Kamerun;24;0;0
368;10;6;DannyLatza;Deutschland;17;0;2
369;10;8;LevinÖztunali;Deutschland;13;0;1
370;10;34;RidleBaku;Deutschland;12;0;0
371;10;38;GerritHoltmann;Deutschland;5;0;0
372;10;35;LeandroMartins;Luxemburg;1;0;0
373;10;0;RidleBaku;Deutschland;0;0;0
374;10;9;JeanPhilippeMateta;Frankreich;28;7;1
375;10;7;RobinQuaison;Schweden;24;8;3
376;10;5;Jean-PaulBoetius;Niederlande;23;2;2
377;10;21;KarimOnisiwo;Österreich;20;4;0
378;10;20;AnthonyUjah;Nigeria;18;2;0
379;10;29;JonathanMichaelBurkardt;Deutschland;4;0;0
380;10;28;IssahAbass;Ghana;1;0;0
381;10;11;EmilBerggreen;Dänemark;0;0;0
382;13;1;AndreasLuthe;Deutschland;15;0;0
383;13;40;GregoryKobel;Schweiz;10;0;0
384;13;13;FabianGiefer;Deutschland;4;0;0
385;13;39;BenjaminLeneis;Deutschland;0;0;0
386;13;31;PhilippMax;Deutschland;27;2;4
387;13;6;JeffreyGouweleeuw;Niederlande;19;0;2
388;13;38;KevinDanso;Österreich;15;0;1
389;13;4;FelixGotze;Deutschland;9;1;0
390;13;32;RaphaelFramberger;Deutschland;8;0;0
391;13;5;ReeceOxford;England;5;0;0
392;13;18;Jan-IngwerCallsen-Bracker;Deutschland;1;0;0
393;13;16;ChristophJanker;Deutschland;1;0;0
394;13;15;JozoStanic;Kroatien;1;0;0
395;13;26;SimonAsta;Deutschland;0;0;0
396;13;25;KilianJakob;Deutschland;0;0;0
397;13;8;RaniKhedira;Deutschland;28;3;1
398;13;10;DanielBaier;Deutschland;27;0;0
399;13;17;JonathanSchmid;Frankreich;22;3;5
400;13;19;JaCheolKoo;Republik Korea (Südkorea);21;2;0
401;13;222;JiDongWon;Republik Korea (Südkorea);12;4;1
402;13;14;JanMoravek;Tschechien;10;0;1
403;13;28;GeorgTeigl;Österreich;3;0;0
404;13;24;FredrikJensen;Finnland;2;0;0
405;13;33;FelixSchwarzholz;Deutschland;0;0;0
406;13;11;MichaelGregoritsch;Österreich;27;5;1
407;13;28;AndreHahn;Deutschland;23;3;3
408;13;23;MarcoRichter;Deutschland;19;1;3
409;13;21;SergioCordova;Unbekannt;18;3;0
410;13;27;AlfredFinnbogason;Island;16;10;2
411;13;20;JulianSchieber;Deutschland;4;0;0
412;13;37;MauriceMalone;Deutschland;0;0;0
413;13;29;RomarioRoesch;Deutschland;0;0;0
414;14;1;RalfFährmann;Deutschland;25;0;0
415;14;35;AlexanderNübel;Deutschland;13;0;0
416;14;34;MichaelLanger;Österreich;0;0;0
417;14;30;YannicLenze;Deutschland;0;0;0
418;14;5;MatijaNastasic;Serbien;29;0;0
419;14;24;BastianOczipka;Deutschland;17;1;4
420;14;3;HamzaMendyl;Marokko;16;0;0
421;14;27;JeffreyBruma;Niederlande;9;0;0
422;14;27;SaschaRiether;Deutschland;0;0;0
423;14;26;SalifSane;Senegal;35;2;0
424;14;10;NabilBentaleb;Algerien;33;8;0
425;14;18;DanielCaligiuri;Italien;33;4;2
426;14;2;WestonMcKennie;Unbekannt;28;2;5
427;14;8;SuatSerdar;Deutschland;28;0;1
428;14;25;AmineHarit;Marokko;23;1;1
429;14;28;AlessandroSchöpf;Österreich;21;2;0
430;14;13;SebastianRudy;Deutschland;20;0;0
431;14;11;YevhenKonoplyanka;Ukraine;18;1;2
432;14;17;BenjaminStambouli;Frankreich;18;0;0
433;14;15;AhmedKutucu;Türkei;12;3;0
434;14;6;OmarMascarell;Äquatorialguinea;11;0;1
435;14;39;BenjaminGoller;Deutschland;1;0;0
436;14;7;MarkUth;Deutschland;27;4;2
437;14;19;GuidoBurgstaller;Österreich;26;3;1
438;14;36;BreelEmbolo;Schweiz;19;5;0
439;14;22;StevenSkrzybski;Deutschland;15;3;1
440;14;23;CedricTeuchert;Deutschland;8;0;0
441;14;14;RabbiMatondo;Wales;4;0;0
442;18;1;Ron-RobertZieler;Deutschland;27;0;0
443;18;13;JensGrahl;Deutschland;0;0;0
444;18;26;AlexanderMeyer;Deutschland;0;0;0
445;18;2;EmilianoInsua;Argentinien;22;2;2
446;18;21;BenjaminPavard;Frankreich;21;0;0
447;18;32;AndreasBeck;Deutschland;19;0;2
448;18;5;TimoBaumgartl;Deutschland;17;1;0
449;18;4;MarcKempf;Deutschland;16;2;0
450;18;3;DennisAogo;Deutschland;11;0;0
451;18;28;HolgerBadstuber;Deutschland;9;0;0
452;18;7;PabloMaffeo;Spanien;9;0;0
453;18;18;OzanKabak;Türkei;8;2;0
454;18;24;BornaSosa;Kroatien;8;0;0
455;18;23;AntonisAidonis;Deutschland;2;0;0
456;18;20;ChristianGentner;Deutschland;26;0;4
457;18;6;SantiagoAscacibar;Argentinien;25;0;0
458;18;8;GonzaloCastro;Deutschland;19;1;4
459;18;17;ErikThommy;Deutschland;19;1;1
460;18;19;ChadracAkolo;Unbekannt;14;0;1
461;18;10;DanielDidavi;Deutschland;13;1;1
462;18;9;StevenZuber;Schweiz;9;5;1
463;18;14;AlexanderEsswein;Deutschland;9;0;0
464;18;29;DavidKopacz;Polen;0;0;0
465;18;27;MarioGomez;Deutschland;25;6;2
466;18;22;NicolasGonzalez;Argentinien;23;2;3
467;18;11;AnastasiosDonis;Griechenland;19;3;0
468;18;25;LeonDajaku;Deutschland;2;0;0
469;16;23;MichaelEsser;Deutschland;26;0;0
470;16;30;LeoWeinkauf;Deutschland;0;0;0
471;16;31;WaldemarAnton;Deutschland;28;0;0
472;16;3;MiikoAlbornoz;Chile;19;1;2
473;16;5;Felipe;Brasilien;13;2;0
474;16;22;MatthiasOstrzolek;Deutschland;13;0;0
475;16;25;OliverSorg;Deutschland;13;0;0
476;16;2;JosipElez;Kroatien;11;0;0
477;16;4;JulianKorb;Deutschland;10;0;0
478;16;14;KevinAkpoguma;Deutschland;4;0;0
479;16;15;TimoHübers;Deutschland;0;0;0
480;16;8;Walace;Brasilien;24;0;1
481;16;10;GenkiHaraguchi;Japan;21;0;4
482;16;27;PirminSchwegler;Schweiz;20;0;3
483;16;6;MarvinBakalorz;Deutschland;19;1;0
484;16;35;MuslijaFlorent;Deutschland;13;2;0
485;16;18;IverFossum;Norwegen;11;0;0
486;16;21;NicolaiMüller;Deutschland;8;2;0
487;16;29;BenjaminHadzic;Bosnien-Herzegowina;3;0;0
488;16;34;TimDierßen;Deutschland;1;0;0
489;16;7;EdgarPrib;Deutschland;0;0;0
490;16;17;BobbyWood;Unbekannt;22;3;3
491;16;24;NiclasFüllkrug;Deutschland;14;3;1
492;16;11;TakumaAsano;Japan;14;1;0
493;16;40;LintonMaina;Deutschland;13;1;0
494;16;13;IhlasBebou;Togo;12;4;3
495;16;37;NoahJoelSarenrenBazee;Deutschland;3;0;0
496;16;33;UffeBech;Dänemark;1;0;0
497;15;26;ChristianMathenia;Deutschland;16;0;0
498;15;1;FabianBredlow;Deutschland;14;0;0
499;15;30;PatricKlandt;Deutschland;0;0;0
500;15;28;LukasMühl;Deutschland;26;1;0
501;15;23;TimLeibold;Deutschland;26;0;2
502;15;33;GeorgMargreitter;Österreich;23;2;0
503;15;22;EnricoValentini;Italien;17;0;2
504;15;8;RobertBauer;Deutschland;16;0;0
505;15;4;Ewerton;Brasilien;14;0;0
506;15;2;KevinGoden;Deutschland;6;0;0
507;15;20;LukasJager;Österreich;2;0;0
508;15;34;DennisLippert;Deutschland;0;0;0
509;15;18;HannoBehrens;Deutschland;25;4;1
510;15;31;OndrejPetrak;Tschechien;22;0;0
511;15;17;EduardLowen;Deutschland;15;1;2
512;15;29;PatrickErras;Deutschland;11;0;0
513;15;35;AlexanderFuchs;Deutschland;10;1;0
514;15;38;SimonRhein;Deutschland;8;0;0
515;15;37;TimothyTillmann;Deutschland;2;0;0
516;15;16;IvoIlicevic;Kroatien;0;0;0
517;15;9;MikaelIshak;Schweden;23;5;2
518;15;24;Vura;Niederlande;21;1;1
519;15;21;FedericoPalacios;Deutschland;20;3;0
520;15;14;YuyaKubo;Japan;19;0;0
521;15;11;AdamZrelak;Slowakei;16;2;2
522;15;19;TorlesKnoll;Deutschland;15;1;0
523;15;27;MatheusPereira;Brasilien;15;0;1
524;15;10;SebastianKerk;Deutschland;15;0;0
525;15;7;EdgarSalli;Kamerun;4;0;0
526;20;1;TimoHorn;Deutschland;27;0;0
527;20;28;Jan-ChristophBartels;Deutschland;0;0;0
528;20;18;ThomasKessler;Deutschland;0;0;0
529;20;31;BradyScott;Unbekannt;0;0;0
530;20;5;RafaelCzichos;Deutschland;25;2;1
531;20;14;JonasHector;Deutschland;22;3;1
532;20;22;Mere;Spanien;21;0;0
533;20;23;JannesHorn;Deutschland;19;0;3
534;20;3;LasseSobiech;Deutschland;12;0;2
535;20;2;BennoErikSchmitz;Deutschland;12;0;1
536;20;4;FrederikSörensen;Dänemark;4;0;0
537;20;35;MatthiasBader;Deutschland;3;0;0
538;20;34;NoahKatterbach;Deutschland;0;0;0
539;20;24;DominickDrexler;Deutschland;27;9;12
540;20;13;LouisSchaub;Österreich;22;3;13
541;20;7;MarcelRisse;Deutschland;19;2;4
542;20;6;MarcoHöger;Deutschland;19;1;2
543;20;17;ChristianClemens;Deutschland;16;2;2
544;20;20;SalihÖzcan;Deutschland;14;1;0
545;20;21;VincentKoziello;Frankreich;11;1;1
546;20;36;NiklasHauptmann;Deutschland;10;0;1
547;20;8;JohannesGeis;Deutschland;7;0;4
548;20;30;FlorianKainz;Österreich;6;0;2
549;20;33;MatthiasLehmann;Deutschland;3;0;0
550;20;38;NikolasNartey;Dänemark;1;0;0
551;20;26;ChrisFuhrich;Deutschland;0;0;0
552;20;9;SimonTerodde;Deutschland;26;30;2
553;20;15;JhonCordoba;Kolumbien;25;13;0
554;20;27;AnthonyModeste;Frankreich;5;4;0
555;19;1;JulianPollersbeck;Deutschland;28;0;0
556;19;12;TomMickel;Deutschland;2;0;0
557;19;30;MortenBehrens;Deutschland;0;0;0
558;19;4;RickVanDrongelen;Niederlande;29;1;0
559;19;6;DouglasSantos;Brasilien;28;2;3
560;19;24;GotokuSakai;Japan;27;0;1
561;19;5;DavidBates;Unbekannt;24;1;0
562;19;2;LeoLacroix;Schweiz;10;0;1
563;19;27;JoshaVagnoman;Deutschland;8;0;0
564;19;28;GideonJung;Deutschland;6;0;0
565;19;26;Tobias-MbunjiroKnost;Deutschland;1;0;1
566;19;22;StephanAmbrosius;Deutschland;1;0;0
567;19;9;KyriakosPapadopoulos;Griechenland;0;0;0
568;19;36;PatricPfeiffer;Deutschland;0;0;0
569;19;7;KhaledNarey;Deutschland;28;7;4
570;19;25;OrelMangala;Belgien;28;1;2
571;19;8;LewisHoltby;Deutschland;27;5;5
572;19;14;AaronHunt;Deutschland;20;5;1
573;19;16;VasilijeJanjicic;Schweiz;18;0;0
574;19;13;ChristophMoritz;Deutschland;11;0;0
575;19;41;BerkayOzcan;Türkei;9;2;1
576;19;34;JonasDavid;Deutschland;2;0;0
577;19;31;ArianitFerati;Deutschland;0;0;0
578;19;21;Moritz-BroniKwarteng;Deutschland;0;0;0
579;19;10;Pierre-MichelLasogga;Deutschland;22;17;1
580;19;18;BakeryJatta;Unbekannt;19;3;1
581;19;20;HwangHee-chan;Republik Korea (Südkorea);18;2;1
582;19;15;Jann-FieteArp;Deutschland;18;1;2
583;19;11;TatsuyaIto;Japan;17;0;0
584;19;23;Jairo;Spanien;3;0;0
585;19;19;ManuelWintzheimer;Deutschland;1;0;0
586;19;33;MarcoDrawz;Polen;0;0;0
587;19;32;AaronOpoku;Deutschland;0;0;0
588;21;1;RafalGikiewicz;Polen;28;1;0
589;21;12;JakobBusk;Dänemark;0;0;0
590;21;20;LennartMoser;Deutschland;0;0;0
591;21;5;MarvinFriedrich;Deutschland;28;0;0
592;21;28;ChristopherTrimmel;Österreich;26;0;5
593;21;19;FlorianHübner;Deutschland;25;2;1
594;21;14;KenReichel;Deutschland;21;0;1
595;21;25;ChristopherLenz;Deutschland;10;0;0
596;21;6;JulianRyerson;Norwegen;6;0;0
597;21;18;NicolaiRapp;Deutschland;2;0;0
598;21;34;FabianSchönheim;Deutschland;0;0;0
599;21;15;MarcTorrejon;Spanien;0;0;0
600;21;24;ManuelSchmiedebach;Deutschland;27;0;0
601;21;7;MarcelHartel;Deutschland;24;2;2
602;21;21;GrischaPrömel;Deutschland;23;4;2
603;21;32;RobertZulj;Österreich;22;3;5
604;21;23;FelixKroos;Deutschland;20;3;1
605;21;29;MichaelParensen;Deutschland;8;0;0
606;21;31;BerkanTaz;Deutschland;1;0;0
607;21;33;LennardMaloney;Deutschland;0;0;0
608;21;27;ErollZeynullahu;Unbekannt;0;0;0
609;21;10;SebastianAndersson;Schweden;28;11;3
610;21;11;AkakiGogia;Deutschland;24;6;1
611;21;8;JoshuaMees;Deutschland;15;4;2
612;21;30;AbdullahiSuleiman;Nigeria;13;2;2
613;21;9;SebastianPolter;Deutschland;12;7;0
614;21;17;CarlosMane;Portugal;6;0;1
615;22;30;RobinHimmelmann;Deutschland;26;0;0
616;22;33;SvendBrodersen;Deutschland;1;0;0
617;22;1;KorbinianMüller;Deutschland;0;0;0
618;22;5;MarvinKnoll;Deutschland;26;3;6
619;22;6;ChristopherAvevor;Deutschland;24;1;0
620;22;15;DanielBuballa;Deutschland;22;0;1
621;22;4;PhilippZiereis;Deutschland;17;0;0
622;22;38;FlorianCarstens;Deutschland;12;1;0
623;22;19;LucaZander;Deutschland;12;0;1
624;22;27;Jan-PhilippKalla;Deutschland;7;0;0
625;22;22;JustinHoogma;Niederlande;6;0;0
626;22;39;YiYoungPark;Republik Korea (Südkorea);2;0;0
627;22;2;JakubBednarczyk;Polen;0;0;0
628;22;16;MarcHornschuh;Deutschland;0;0;0
629;22;35;BrianKoglin;Deutschland;0;0;0
630;22;14;MatsMöllerDaehli;Norwegen;26;2;4
631;22;8;JeremyDudziak;Deutschland;20;2;1
632;22;10;ChristopherBuchtmann;Deutschland;19;5;1
633;22;23;JohannesFlum;Deutschland;19;0;2
634;22;12;RyoMiyaichi;Japan;18;3;0
635;22;20;RichardNeudecker;Deutschland;16;3;1
636;22;28;WaldemarSobota;Polen;14;0;1
637;22;31;ErsinZehir;Deutschland;12;0;0
638;22;7;KevinLankford;Deutschland;1;0;0
639;22;36;LuisCordes;Deutschland;0;0;0
640;22;34;JakobMunzner;Deutschland;0;0;0
641;22;25;HenkVeerman;Niederlande;17;6;4
642;22;11;SamiAllagui;Tunesien;17;4;2
643;22;18;DimitrisDiamantakos;Griechenland;15;4;0
644;22;9;AlexanderMeier;Deutschland;8;5;0
645;22;29;JanMarcSchneider;Deutschland;7;0;0
646;27;18;KennethKronholm;Vereinigte Staaten;28;0;0
647;27;35;DominikReimann;Deutschland;1;0;0
648;27;1;TimonWeiner;Deutschland;0;0;0
649;27;24;HaukeWahl;Deutschland;28;1;1
650;27;20;JannikDehm;Deutschland;28;0;2
651;27;15;JohannesvandenBergh;Deutschland;27;0;1
652;27;3;DominikSchmidt;Deutschland;26;0;0
653;27;5;StefanThesker;Deutschland;14;2;0
654;27;4;YannBisseck;Deutschland;1;0;0
655;27;2;ArneSicker;Deutschland;1;0;0
656;27;29;TobiasFleckstein;Deutschland;0;0;0
657;27;8;AlexanderMuhling;Deutschland;28;9;5
658;27;26;JonasMeffert;Deutschland;24;2;0
659;27;9;MathiasHonsak;Österreich;21;4;3
660;27;6;DavidKinsombi;Deutschland;20;5;2
661;27;22;AtakanKarazor;Deutschland;17;1;2
662;27;7;LeeJaeSung;Republik Korea (Südkorea);14;2;2
663;27;11;MasayaOkugawa;Japan;13;2;1
664;27;25;LaszloBenes;Slowakei;9;2;4
665;27;17;PatrickKammerbauer;Deutschland;4;0;0
666;27;16;PhilippSander;Deutschland;2;0;0
667;27;23;JanniSerra;Deutschland;27;11;2
668;27;27;KingsleySchindler;Ghana;22;7;6
669;27;10;HeinzMorschel;Deutschland;8;1;0
670;27;30;BenjaminGirth;Deutschland;7;2;0
671;27;14;AaronSeydel;Deutschland;5;2;1
672;27;38;FranckEvina;Deutschland;5;0;0
673;27;28;NoahAwuku;Deutschland;2;0;0
674;29;1;KevinMüller;Deutschland;28;0;0
675;29;22;VitusEicher;Deutschland;1;0;0
676;29;39;MatthiasKobbing;Deutschland;0;0;0
677;29;6;PatrickMainka;Deutschland;27;0;0
678;29;2;MarnonBusch;Deutschland;26;0;3
679;29;33;TimoBeermann;Deutschland;22;1;0
680;29;28;ArneFeick;Deutschland;14;1;2
681;29;29;RobertStrauß;Deutschland;9;0;1
682;29;4;OliverSteurer;Deutschland;3;0;0
683;29;34;TobiasReithmeir;Deutschland;2;0;0
684;29;30;NormanTheuerkauf;Deutschland;29;0;0
685;29;18;SebastianGriesbeck;Deutschland;28;2;3
686;29;7;MarcSchnatterer;Deutschland;26;10;7
687;29;36;NiklasDorsch;Deutschland;24;1;1
688;29;8;RobertAndrich;Deutschland;19;1;1
689;29;17;MauriceMulthaup;Deutschland;17;2;1
690;29;38;TimSkarke;Deutschland;13;0;0
691;29;21;MaximilianThiel;Deutschland;12;0;0
692;29;31;JonasBrandle;Deutschland;1;0;0
693;29;37;GokalpKilic;Deutschland;1;0;0
694;29;16;KevinSessa;Deutschland;0;0;0
695;29;10;NikolaDovedan;Österreich;26;9;4
696;29;9;RobertGlatzel;Deutschland;20;13;3
697;29;11;DenisThomalla;Deutschland;19;6;3
698;29;32;PatrickSchmidt;Deutschland;19;1;3
699;29;13;RobertLeipertz;Deutschland;0;0;0
700;25;17;LeopoldZingerle;Deutschland;26;0;0
701;25;1;MichaelRatajczak;Deutschland;4;0;0
702;25;34;LeonBruggemeier;Deutschland;0;0;0
703;25;29;JamiluCollins;Nigeria;29;0;1
704;25;13;SebastianSchonlau;Deutschland;23;1;0
705;25;5;ChristianStrohdiek;Deutschland;22;0;0
706;25;2;UweHünemeier;Deutschland;18;4;3
707;25;33;LukasBoeder;Deutschland;6;1;0
708;25;12;FelixHerzenbruch;Deutschland;1;0;0
709;25;30;LeonFesser;Deutschland;0;0;0
710;25;3;SaschaHeil;Deutschland;0;0;0
711;25;23;PhilimonTawiah;Ghana;0;0;0
712;25;25;MohamedDrager;Tunesien;28;0;5
713;25;31;BenZolinski;Deutschland;27;5;2
714;25;21;PhilippKlement;Deutschland;26;12;8
715;25;22;ChristopherAntwi-Adjej;Deutschland;26;5;1
716;25;39;SebastianVasiliadis;Griechenland;22;3;7
717;25;8;KlausGjasula;Deutschland;21;1;0
718;25;7;MarlonRitter;Deutschland;19;2;2
719;25;19;TobiasSchwede;Deutschland;19;1;1
720;25;24;OliverSchindler;Ungarn;0;0;0
721;25;4;MassihWassey;Kanada;0;0;0
722;25;37;BernardTekpetey;Ghana;28;10;5
723;25;11;SvenMichel;Deutschland;20;9;5
724;25;27;BabacarGueye;Senegal;20;7;2
725;25;9;KaiProger;Deutschland;9;3;2
726;25;9;JuliusDüker;Deutschland;8;1;0
727;25;14;KhiryShelton;Unbekannt;1;0;0
728;25;18;SergioGucciardo;Italien;0;0;0
729;25;20;MohammedKamara;Liberia;0;0;0
730;25;16;PhilipposSelkos;Griechenland;0;0;0
731;26;1;PhilippPentke;Deutschland;26;0;0
732;26;33;AndreWeis;Deutschland;1;0;0
733;26;32;AlexanderWeidinger;Deutschland;0;0;0
734;26;4;AsgerSorensen;Dänemark;26;0;2
735;26;6;BenediktSaller;Deutschland;24;1;1
736;26;14;MarcelCorreia;Deutschland;23;2;0
737;26;19;JonasFöhrenbach;Deutschland;18;0;1
738;26;3;AlexanderNandzik;Deutschland;15;0;0
739;26;17;OliverHein;Deutschland;4;0;0
740;26;16;MarkusPalionis;Litauen;4;0;0
741;26;28;SebastianNachreiner;Deutschland;1;0;0
742;26;5;DominicVolkmer;Deutschland;1;0;0
743;26;8;AndreasGeipl;Deutschland;26;0;3
744;26;18;MarcLais;Deutschland;23;2;0
745;26;20;MaximilianThalhammer;Deutschland;14;1;1
746;26;29;AdrianFein;Deutschland;13;0;1
747;26;26;AndreDej;Polen;0;0;0
748;26;23;SargisAdamyan;Armenien;26;10;6
749;26;15;MarcoGrüttner;Deutschland;26;10;2
750;26;9;JannGeorge;Deutschland;26;4;3
751;26;25;HamadiAlGhaddioui;Deutschland;25;5;3
752;26;22;SebastianStolze;Deutschland;24;3;2
753;26;21;JonasNietfeld;Deutschland;11;0;0
754;26;7;AlbionVrenezi;Unbekannt;10;0;1
755;26;10;JulianMauriceDerstroff;Deutschland;4;1;0
756;26;11;SebastianFreis;Deutschland;3;0;0
757;26;34;HarisHyseni;Deutschland;1;0;0
758;23;1;ManuelRiemann;Deutschland;26;0;0
759;23;32;FelixDornebusch;Deutschland;1;0;0
760;23;2;TimHoogland;Deutschland;26;1;1
761;23;18;JanGyamerah;Deutschland;25;0;0
762;23;3;DaniloSoares;Brasilien;22;0;1
763;23;21;StefanoCelozzi;Deutschland;19;0;1
764;23;19;PatrickFabian;Deutschland;11;2;0
765;23;29;MaximLeitsch;Deutschland;9;0;0
766;23;22;DominikBaumgartner;Österreich;5;0;0
767;23;31;TomBaack;Deutschland;2;0;0
768;23;37;ArmelBellaKotchap;Deutschland;0;0;0
769;23;23;RobertTesche;Deutschland;25;3;2
770;23;8;AnthonyLosilla;Frankreich;25;1;0
771;23;14;TomWeilandt;Deutschland;24;7;1
772;23;13;SidneySam;Deutschland;18;2;3
773;23;11;LeeChung-Yong;Republik Korea (Südkorea);17;1;3
774;23;20;VitalyJanelt;Deutschland;10;1;0
775;23;7;SebastianMaier;Deutschland;10;0;1
776;23;26;GörkemSaglam;Deutschland;4;0;1
777;23;33;MoritzRomling;Deutschland;3;0;0
778;23;10;ThomasEisfeld;Deutschland;2;0;0
779;23;30;BarisEkincier;Aserbaidschan;1;0;0
780;23;25;JannikBandowski;Deutschland;0;0;0
781;23;28;LarsHoltkamp;Deutschland;0;0;0
782;23;0;JanWellers;Deutschland;0;0;0
783;23;16;LukasHinterseer;Österreich;24;13;2
784;23;35;SilvereGanvoula;Kongo;16;2;1
785;23;17;RobbieKruse;Australien;14;1;2
786;23;9;SimonZoller;Deutschland;8;2;1
787;23;27;MilosPantovic;Serbien;8;1;0
788;32;1;StefanOrtega;Deutschland;23;0;0
789;32;25;PhilippKlewin;Deutschland;5;0;0
790;32;40;BaboucarrGaye;Deutschland;0;0;0
791;32;8;FlorianHartherz;Deutschland;26;1;3
792;32;11;StephanSalger;Deutschland;22;1;0
793;32;13;JulianBörner;Deutschland;21;3;1
794;32;23;JonathanClauss;Frankreich;21;2;2
795;32;3;BrianBehrendt;Österreich;21;0;0
796;32;27;CedricBrunner;Schweiz;18;1;2
797;32;4;Anderson-LendaLucoqui;Deutschland;10;0;1
798;32;2;AmosPieper;Deutschland;3;0;0
799;32;34;CanHayriOzkan;Deutschland;0;0;0
800;32;19;ManuelPrietl;Österreich;27;0;1
801;32;32;KeanuStaude;Deutschland;23;2;0
802;32;14;JoanEdmundsson;Unbekannt;22;4;5
803;32;20;NilsSeufert;Deutschland;19;0;2
804;32;7;PatrickWeihrauch;Deutschland;18;1;0
805;32;6;TomSchütz;Deutschland;13;2;1
806;32;5;MaxChristiansen;Deutschland;9;0;0
807;32;15;ReinholdYabo;Deutschland;7;1;0
808;32;22;RobertoMassimo;Deutschland;5;1;0
809;32;37;CerrutiSiya;Deutschland;0;0;0
810;32;38;SemirUcar;Deutschland;0;0;0
811;32;9;FabianKlos;Deutschland;27;10;5
812;32;21;AndreasVoglsammer;Deutschland;27;8;2
813;32;17;Prince-OseiOwusu;Deutschland;13;2;0
814;32;16;SörenBrandy;Deutschland;5;0;0
815;32;36;SvenSchipplock;Deutschland;4;2;1
816;32;10;ChristopherNöthe;Deutschland;0;0;0
817;32;18;NilsQuaschner;Deutschland;0;0;0
818;31;1;MartinMännel;Deutschland;25;0;0
819;31;34;DanielHaas;Deutschland;2;0;0
820;31;26;RobertJendrusch;Deutschland;0;0;0
821;31;35;MaximilianSchlosser;Deutschland;0;0;0
822;31;20;CalogeroRizzuto;Deutschland;22;0;1
823;31;4;FabianKalig;Deutschland;21;0;1
824;31;21;MalcolmCacutalua;Deutschland;17;0;0
825;31;15;DennisKempe;Deutschland;16;1;1
826;31;12;SteveBreitkreuz;Deutschland;13;0;0
827;31;36;FilipKusic;Deutschland;9;0;0
828;31;6;LukeHemmerich;Deutschland;2;0;0
829;31;3;JanKral;Tschechien;0;0;0
830;31;7;JanHochscheidt;Deutschland;27;7;2
831;31;5;ClemensFandrich;Deutschland;25;2;1
832;31;17;PhilippRiese;Deutschland;21;1;2
833;31;25;DominikWydra;Österreich;15;0;0
834;31;16;MarioKvesic;Bosnien-Herzegowina;11;1;0
835;31;8;TomBaumgart;Deutschland;6;0;1
836;31;13;LouisSamson;Deutschland;6;0;0
837;31;14;OleKäuper;Deutschland;4;0;0
838;31;24;John-PatrickStrauß;Deutschland;4;0;0
839;31;30;EliasLoder;Deutschland;0;0;0
840;31;37;PascalTestroet;Deutschland;26;14;3
841;31;9;EmmanuelIyoha;Deutschland;23;3;5
842;31;10;DimitrijNazarov;Aserbaidschan;18;2;0
843;31;38;RobertHerrmann;Deutschland;12;1;0
844;31;11;FlorianKruger;Deutschland;10;1;3
845;31;0;PhilippZulechner;Österreich;3;1;0
846;31;14;MaximilianPronichev;Russland;0;0;0
847;30;1;DanielFernandes;Portugal;28;0;0
848;30;0;IgorBerezovskiy;Ukraine;0;0;0
849;30;38;MaxGrün;Deutschland;0;0;0
850;30;22;RouvenSattelmaier;Deutschland;0;0;0
851;30;31;FlorianStritzel;Deutschland;0;0;0
852;30;32;FabianHolland;Deutschland;27;0;2
853;30;28;MarcelFranke;Deutschland;25;2;1
854;30;21;ImmanuelHöhn;Deutschland;17;1;0
855;30;40;TimRieder;Deutschland;17;0;0
856;30;17;SandroSirigu;Deutschland;15;0;0
857;30;15;MathiasWittek;Deutschland;6;0;0
858;30;37;PatrickHerrmann;Deutschland;5;0;0
859;30;2;SebastianHertner;Deutschland;5;0;0
860;30;26;PatrickBanggaard;Dänemark;0;0;0
861;30;39;CameronRoyo;Deutschland;0;0;0
862;30;20;MarcelHeller;Deutschland;27;3;6
863;30;3;JoevinJones;Trinidad und Tobago;26;2;3
864;30;11;TobiasKempe;Deutschland;25;10;4
865;30;6;MarvinMehlem;Deutschland;25;5;3
866;30;5;SlobodanMedojevic;Serbien;17;0;0
867;30;25;YannickStark;Deutschland;16;0;1
868;30;4;VictorPalsson;Island;8;0;0
869;30;26;ChristophMoritz;Deutschland;4;1;0
870;30;36;WilsonKamavuaka;Deutschland;4;0;0
871;30;34;LeonMuller;Deutschland;0;0;0
872;30;19;SerdarDursun;Türkei;27;9;0
873;30;9;JohannesWurtz;Deutschland;19;1;1
874;30;23;SörenBertram;Deutschland;7;1;0
875;30;7;FelixPlatte;Deutschland;6;0;1
876;30;0;SelimGündüz;Türkei;1;0;0
877;30;37;LucaGelzleichter;Deutschland;0;0;0
878;24;30;SaschaBurchert;Deutschland;26;0;0
879;24;1;MariusFunk;Deutschland;0;0;0
880;24;25;LeonSchaffran;Deutschland;0;0;0
881;24;5;RichardMagyar;Schweden;23;1;0
882;24;24;MaximilianSauer;Deutschland;22;0;0
883;24;3;MaximilianWittek;Deutschland;20;0;4
884;24;22;MarioMaloca;Kroatien;20;0;0
885;24;29;TobiasMohr;Deutschland;19;4;2
886;24;13;MarcoCaligiuri;Deutschland;16;2;0
887;24;23;PaulJaeckel;Deutschland;13;0;0
888;24;15;SebastianErnst;Deutschland;26;1;1
889;24;37;JulianGreen;Unbekannt;22;2;1
890;24;4;LukasGugganig;Österreich;21;2;0
891;24;31;DanielSteininger;Deutschland;12;1;0
892;24;11;DavidRaum;Deutschland;10;1;1
893;24;21;NikOmladic;Slowenien;5;0;0
894;24;6;YosukeIdeguchi;Japan;4;1;0
895;24;33;PaulSeguin;Deutschland;4;0;1
896;24;8;EliasAbouchabaka;Deutschland;3;0;0
897;24;18;BenediktKirsch;Deutschland;0;0;0
898;24;0;HansNunooSarpei;Ghana;0;0;0
899;24;10;DanielKeita-Ruel;Deutschland;26;9;1
900;24;20;DavidAtanga;Ghana;23;1;5
901;24;17;FabianReese;Deutschland;22;1;0
902;24;27;KennyPrinceRedondo;Deutschland;7;0;0
903;24;9;ShawnParker;Deutschland;5;1;0
904;28;1;MarkusSchubert;Deutschland;26;0;0
905;28;21;TimBoss;Deutschland;0;0;0
906;28;24;PatrickWiegers;Deutschland;0;0;0
907;28;2;LinusWahlqvist;Schweden;21;0;2
908;28;31;BrianHamalainen;Dänemark;20;1;0
909;28;3;DarioDumic;Unbekannt;19;1;0
910;28;18;JannikMüller;Deutschland;14;1;0
911;28;7;NiklasKreuzer;Deutschland;13;0;2
912;28;26;SörenGonther;Deutschland;12;0;0
913;28;23;FlorianBallas;Deutschland;4;0;0
914;28;39;KevinEhlers;Deutschland;0;0;0
915;28;20;PatrickEbert;Deutschland;24;2;2
916;28;8;RicoBenatelli;Deutschland;24;1;0
917;28;4;JannisNikolaou;Deutschland;23;1;1
918;28;10;AiasAosman;Deutschland;21;4;1
919;28;40;ErichBerko;Deutschland;21;2;1
920;28;28;BarisAtik;Türkei;17;3;3
921;28;11;HarisDuljevic;Unbekannt;16;1;0
922;28;6;MarcoHartmann;Deutschland;12;0;1
923;28;22;PatrickMoschl;Österreich;7;0;0
924;28;5;DzenisBurnic;Deutschland;4;0;0
925;28;35;MariusHauptmann;Deutschland;1;0;0
926;28;36;MaxKulke;Deutschland;1;0;0
927;28;34;JustinLowe;Deutschland;1;0;0
928;28;14;MoussaKoné;Senegal;24;9;4
929;28;9;LucasRoser;Deutschland;17;3;0
930;28;15;OsmanAtilgan;Deutschland;5;1;0
931;28;32;VasilKusej;Tschechien;0;0;0
932;34;1;MarcelSchuhen;Deutschland;14;0;1
933;34;29;NiklasLomb;Deutschland;14;0;0
934;34;33;RickWulle;Deutschland;0;0;0
935;34;4;JesperVerlaat;Niederlande;24;0;0
936;34;23;MarkusKarl;Deutschland;23;1;0
937;34;19;LeartPaqarada;Kosovo;22;0;2
938;34;24;PhilippKlingmann;Deutschland;18;2;2
939;34;14;TimKister;Deutschland;14;1;0
940;34;2;AleksandrZhirov;Russland;10;0;0
941;34;18;DennisDiekmeier;Deutschland;8;0;3
942;34;34;TimKnipping;Deutschland;6;1;0
943;34;30;SorenDieckmann;Deutschland;5;0;0
944;34;3;AlexRossipal;Deutschland;2;0;0
945;34;36;KenGipson;Deutschland;1;0;0
946;34;28;PhilippForster;Deutschland;25;5;0
947;34;6;DenisLinsmayer;Deutschland;24;1;0
948;34;25;FelixMüller;Deutschland;15;2;2
949;34;22;KorbinianVollmann;Deutschland;14;0;2
950;34;17;ErikZenga;Deutschland;12;0;0
951;34;27;MaximilianJansen;Deutschland;11;0;1
952;34;20;TaffertshoferEmanuel;Deutschland;8;0;0
953;34;31;StefanKulovits;Österreich;7;0;0
954;34;8;MohamedGouaida;Tunesien;3;0;0
955;34;10;NejmeddinDaghfous;Deutschland;0;0;0
956;34;11;FabianSchleusener;Deutschland;27;11;0
957;34;7;AndrewWooten;Vereinigte Staaten;24;10;1
958;34;16;KevinBehrens;Deutschland;24;1;3
959;34;9;RúrikGislason;Island;21;0;7
960;34;21;KarimGuede;Slowakei;8;0;1
961;34;12;FlorianHansch;Deutschland;4;0;0
962;35;30;AlexanderBrunst;Deutschland;15;0;0
963;35;1;GiorgiLoria;Georgien;8;0;0
964;35;1;JasminFejzic;Bosnien-Herzegowina;4;0;0
965;35;12;MarioSeidel;Deutschland;0;0;0
966;35;5;TobiasMüller;Deutschland;22;0;0
967;35;14;SteffenSchäfer;Deutschland;15;0;0
968;35;17;RichardWeil;Deutschland;14;0;1
969;35;18;AleksandarIgnjovski;Serbien;12;0;0
970;35;3;ChristopherHandke;Deutschland;8;1;0
971;35;33;RomainBregerie;Frankreich;8;0;0
972;35;10;NicoHammann;Deutschland;8;0;0
973;35;29;TimoPerthel;Deutschland;6;1;0
974;35;20;JoelAbuHanna;Deutschland;0;0;0
975;35;9;MarcelCostly;Deutschland;26;1;1
976;35;19;MichelNiemeyer;Deutschland;23;1;2
977;35;13;DennisErdmann;Deutschland;22;1;0
978;35;6;BjörnRother;Deutschland;20;1;0
979;35;16;NilsButzen;Deutschland;18;0;2
980;35;21;RicoPreissinger;Deutschland;16;1;1
981;35;23;CharlesElieLaprevotte;Frankreich;13;0;0
982;35;4;JanKirchhoff;Deutschland;6;0;1
983;35;22;ManfredOseiKwadwo;Deutschland;3;0;0
984;35;8;PhilipTürpitz;Deutschland;26;6;2
985;35;26;MariusBulter;Deutschland;26;2;3
986;35;11;ChristianBeck;Deutschland;25;8;4
987;35;7;FelixLohkemper;Deutschland;22;4;1
988;35;37;MergimBerisha;Kosovo;5;0;0
989;35;27;StevenLewerenz;Deutschland;4;0;0
990;35;24;TarekChahed;Deutschland;3;0;0
991;35;25;PhilippHarant;Deutschland;0;0;0
992;33;27;DanielMesenhöler;Deutschland;15;0;0
993;33;30;FelixWiedwald;Deutschland;8;0;0
994;33;22;JonasBrendieck;Deutschland;0;0;0
995;33;17;KevinWolze;Deutschland;26;5;4
996;33;6;GerritNauber;Deutschland;24;1;0
997;33;7;AndreasWiegel;Deutschland;24;0;1
998;33;4;DustinBomheuer;Deutschland;22;0;0
999;33;29;SebastianNeumann;Deutschland;9;0;0
1000;33;3;EnisHajri;Tunesien;8;1;0
1001;33;23;YanniRegäsel;Deutschland;6;0;0
1002;33;2;SeoYoung-Jae;Republik Korea (Südkorea);6;0;0
1003;33;26;VincentGembalies;Deutschland;1;0;0
1004;33;0;JosephBaffo;Schweden;0;0;0
1005;33;8;Migel-MaxSchmeling;Deutschland;0;0;0
1006;33;10;FabianSchnellhardt;Deutschland;27;1;1
1007;33;16;LukasFröde;Deutschland;22;1;0
1008;33;14;TimAlbutat;Deutschland;8;0;0
1009;33;13;LukasDaschner;Deutschland;5;1;0
1010;33;21;ChristianGartner;Österreich;2;0;0
1011;33;20;CaulyOliveiraSouza;Brasilien;25;6;2
1012;33;11;StanislavIljutcenko;Deutschland;25;2;1
1013;33;9;AhmetEngin;Deutschland;25;1;4
1014;33;15;JohnVerhoek;Niederlande;22;1;1
1015;33;33;MoritzStoppelkamp;Deutschland;21;0;0
1016;33;19;RichardSukuta-Pasu;Deutschland;17;1;0
1017;33;24;BorisTashchy;Ukraine;16;2;0
1018;33;36;Joseph-ClaudeGyau;Vereinigte Staaten;12;1;0
1019;33;28;HavardNielsen;Norwegen;8;3;1
1020;33;25;JanNiklasPia;Deutschland;0;0;0
1021;36;16;MarcoKnaller;Österreich;10;0;0
1022;36;22;PhilippTschauner;Deutschland;8;0;0
1023;36;1;PhilippHeerwagen;Deutschland;5;0;0
1024;36;24;FabijanBuntic;Deutschland;4;0;0
1025;36;5;BenediktGimber;Deutschland;23;0;0
1026;36;6;PauloOtavio;Brasilien;18;0;0
1027;36;2;FredericAnanou;Deutschland;16;1;0
1028;36;34;MarvinMatip;Kamerun;15;1;0
1029;36;26;PhilNeumann;Deutschland;13;1;0
1030;36;19;MarcelGaus;Deutschland;13;0;1
1031;36;3;LucasGalvao;Brasilien;10;0;0
1032;36;4;BjornPaulsen;Dänemark;8;1;0
1033;36;15;MergimMavraj;Albanien;7;0;0
1034;36;10;SonnyKittel;Deutschland;25;7;1
1035;36;7;KonstantinKerschbaumer;Österreich;23;3;2
1036;36;30;ThomasPledl;Deutschland;19;0;3
1037;36;23;RobinKrauße;Deutschland;18;0;0
1038;36;8;AlmogCohen;Israel;13;1;0
1039;36;21;TobiasSchröck;Deutschland;9;0;1
1040;36;28;ChristianTräsch;Deutschland;8;0;0
1041;36;25;JonatanKotzke;Deutschland;7;1;0
1042;36;17;CenkSahin;Türkei;5;0;0
1043;36;22;GeorgiosPintidis;Deutschland;1;0;0
1044;36;39;JoeyBreitfeld;Deutschland;0;0;0
1045;36;38;NicoRinderknecht;Deutschland;0;0;0
1046;36;37;PatrickSussek;Deutschland;0;0;0
1047;36;20;StefanKutschke;Deutschland;24;1;0
1048;36;11;DarioLezcano;Paraguay;21;4;1
1049;36;29;ThorstenRöcher;Österreich;17;2;0
1050;36;14;OsayamenOsawe;England;16;0;4
1051;36;35;CharlisonBenschop;Niederlande;10;1;0
1052;36;27;AgyemangDiawusie;Deutschland;2;0;0
1053;36;36;FatihKaya;Türkei;1;1;0
1054;39;32;BenjaminUphoff;Deutschland;30;0;0
1055;39;28;SvenMüller;Deutschland;2;0;0
1056;39;35;EdmondKaiser;Deutschland;0;0;0
1057;39;29;MarioMarioSchragl;Österreich;0;0;0
1058;39;5;DavidPisot;Deutschland;31;2;1
1059;39;3;DanielGordon;Jamaika;30;3;0
1060;39;6;DamianRoßbach;Deutschland;30;1;0
1061;39;2;BurakCamoglu;Türkei;16;2;2
1062;39;20;AlexanderGroiß;Deutschland;13;0;0
1063;39;22;ChristophKobald;Österreich;8;0;0
1064;39;17;TimKircher;Deutschland;3;0;0
1065;39;31;MalikMalikBatmaz;Türkei;3;0;0
1066;39;32;EricJansen;Deutschland;1;0;0
1067;39;4;MartinStoll;Deutschland;0;0;0
1068;39;15;MarinSverko;Kroatien;0;0;0
1069;39;21;MarcoThiede;Deutschland;31;0;0
1070;39;10;MarvinWanitzek;Deutschland;30;4;2
1071;39;8;ManuelStiefler;Deutschland;30;2;2
1072;39;7;MarcLorenz;Deutschland;26;4;4
1073;39;37;KyoungRokKyoungRokChoi;Republik Korea (Südkorea);19;0;1
1074;39;23;SercanSararer;Türkei;7;0;0
1075;39;25;JanisHanek;Deutschland;6;0;0
1076;39;18;JustinMöbius;Deutschland;2;1;0
1077;39;30;AntonFink;Deutschland;31;12;2
1078;39;9;MarvinPourie;Deutschland;30;15;0
1079;39;14;SaliouSane;Deutschland;18;0;0
1080;39;11;MartinRöser;Deutschland;15;0;0
1081;39;27;DominikStroh-Engel;Deutschland;1;0;0
1082;44;1;MarkusKolke;Deutschland;31;0;0
1083;44;19;JanAlbrecht;Deutschland;0;0;0
1084;44;25;LukasWatkowiak;Deutschland;0;0;0
1085;44;4;SaschaMockenhaupt;Deutschland;30;1;1
1086;44;0;NiklasDams;Deutschland;23;1;0
1087;44;23;AlfMintzel;Deutschland;19;0;0
1088;44;33;SebastianMrowca;Polen;17;1;2
1089;44;5;Sören-KurtReddemann;Deutschland;12;2;0
1090;44;33;MarcWachs;Deutschland;8;0;0
1091;44;6;GiulianoModica;Argentinien;5;0;0
1092;44;28;GökhanGül;Deutschland;4;1;0
1093;44;17;Daniel-KofiKyereh;Deutschland;29;12;0
1094;44;8;NiklasSchmidt;Deutschland;28;5;0
1095;44;14;JulesSchwadorf;Deutschland;26;2;1
1096;44;24;JeremiasLorch;Deutschland;23;2;0
1097;44;26;Titsch-RiveroMarcel;Deutschland;18;1;0
1098;44;7;MaximilianDittgen;Deutschland;17;0;0
1099;44;11;NicklasShipnoski;Deutschland;16;4;1
1100;44;21;PatrickSchönfeld;Deutschland;13;0;0
1101;44;27;SimonBrandstetter;Deutschland;17;2;1
1102;44;13;ReneGuder;Deutschland;10;0;0
1103;44;22;FlorianHansch;Deutschland;9;1;1
1104;44;29;AgyemangDiawusie;Deutschland;9;1;0
1105;47;1;MarcoHiller;Deutschland;26;0;0
1106;47;0;HendrikBonmann;Deutschland;6;0;0
1107;47;30;JohannHipper;Deutschland;0;0;0
1108;47;32;SimonLorenz;Deutschland;31;3;0
1109;47;17;DanielWein;Deutschland;30;1;0
1110;47;36;PhilippSteinhart;Deutschland;29;4;3
1111;47;28;HerbertPaul;Deutschland;27;2;1
1112;47;22;AaronBerzel;Deutschland;13;0;0
1113;47;2;WeegerEric;Deutschland;9;0;0
1114;47;2;JanMauersberger;Deutschland;7;0;0
1115;47;11;ChristianKöppel;Deutschland;1;0;0
1116;47;27;SemiBelkahia;Deutschland;0;0;0
1117;47;18;NicoKarger;Deutschland;29;6;0
1118;47;20;EfkanBekiroglu;Deutschland;24;3;1
1119;47;5;QuirinMoll;Deutschland;22;1;0
1120;47;19;AlessandroAbruscia;Italien;11;2;0
1121;47;38;RomualdLacazette;Frankreich;8;0;1
1122;47;34;KristianBöhnlein;Deutschland;2;0;0
1123;47;14;DennisDressel;Deutschland;0;0;0
1124;47;21;UgurMustafaTurk;Türkei;0;0;0
1125;47;13;SaschaMölders;Deutschland;28;6;1
1126;47;7;StefanLex;Deutschland;27;4;0
1127;47;10;AdrianoGrimaldi;Italien;20;5;1
1128;47;16;BenjaminKindsvater;Deutschland;17;1;0
1129;47;25;MariusWillsch;Deutschland;17;0;0
1130;47;13;Prince-OseiOwusu;Deutschland;9;2;0
1131;47;24;MarkusZiereis;Deutschland;7;0;0
1132;47;31;KodjoviKoussou;Deutschland;2;0;0
1133;47;0;NoelNiemann;Deutschland;0;0;0
1134;43;1;IoannisGelios;Griechenland;32;0;0
1135;43;26;EricGründemann;Deutschland;0;0;0
1136;43;28;DirkOrlishausen;Deutschland;0;0;0
1137;43;25;AlexanderSebald;Deutschland;0;0;0
1138;43;3;JulianRiedel;Deutschland;30;0;0
1139;43;29;NicoRieble;Deutschland;26;0;0
1140;43;20;LukasScherff;Deutschland;25;3;0
1141;43;4;KaiBülow;Deutschland;24;2;0
1142;43;5;OliverHüsing;Deutschland;22;2;0
1143;43;27;VladimirRankovic;Deutschland;15;0;1
1144;43;34;AhlschwedeMaximilian;Deutschland;8;0;0
1145;43;14;ReinthalerMax;Italien;5;0;0
1146;43;23;PhilemonOfosu-Ayeh;Ghana;5;0;0
1147;43;0;CrosGuillaume;Frankreich;2;0;0
1148;43;17;BiankadiMerveille;Unbekannt;32;4;2
1149;43;6;MirnesPepic;Unbekannt;30;2;0
1150;43;24;StefanWannenwetsch;Deutschland;30;0;1
1151;43;21;JonasHildebrandt;Deutschland;21;2;0
1152;43;33;MarcelHilßner;Deutschland;17;2;5
1153;43;8;EvseevWilli;Deutschland;9;0;0
1154;43;15;AntonDonkor;Deutschland;8;1;1
1155;43;22;TanjuÖztürk;Deutschland;8;0;1
1156;43;10;AmauryBischoff;Portugal;7;0;0
1157;43;16;JohannBerger;Deutschland;0;0;0
1158;43;39;PascalBreier;Deutschland;28;6;0
1159;43;7;CebioSoukou;Deutschland;27;10;2
1160;43;11;MarcoKönigs;Deutschland;24;5;1
1161;43;19;Del-AngeloWilliams;Deutschland;10;1;1
1162;46;13;HeslWolfgang;Deutschland;13;0;0
1163;46;22;GrillLennart;Deutschland;10;0;0
1164;46;1;Jan-OleSievers;Deutschland;8;0;0
1165;46;3;JanekSternberg;Deutschland;29;1;0
1166;46;20;DominikSchad;Deutschland;24;1;1
1167;46;5;KevinKraus;Deutschland;18;0;0
1168;46;28;LukasGottwalt;Deutschland;14;1;0
1169;46;23;FlorianDick;Deutschland;11;0;1
1170;46;4;ÖzgürÖzdemir;Türkei;3;0;0
1171;46;29;BotiseriuFlavius;Deutschland;0;0;0
1172;46;26;AndricMario;Österreich;0;0;0
1173;46;8;GinoFechner;Deutschland;22;1;0
1174;46;6;JanLöhmannsröben;Deutschland;21;1;0
1175;46;16;BergmannTheodor;Deutschland;19;2;2
1176;46;14;MadsAlbaek;Dänemark;18;1;0
1177;46;25;SickingerCarlo;Deutschland;13;1;0
1178;46;38;AntonioJonjic;Deutschland;6;0;0
1179;46;27;MohamedMorabet;Deutschland;0;0;0
1180;46;9;TimmyThiele;Deutschland;30;5;2
1181;46;17;ChristophHemlein;Deutschland;28;2;0
1182;46;15;EliasHuth;Deutschland;22;3;0
1183;46;41;FlorianPick;Deutschland;22;2;2
1184;46;21;HendrickZuck;Deutschland;21;3;0
1185;46;24;ChristianKuhlwetter;Deutschland;20;8;1
1186;46;10;JuliusBiada;Deutschland;15;1;1
1187;46;33;LukasSpalvis;Litauen;6;2;0
1188;46;14;EsmelDylan;Deutschland;0;0;0
1189;56;1;MarcelEngelhardt;Deutschland;14;0;0
1190;56;13;JasminFejzic;Bosnien-Herzegowina;10;0;0
1191;56;30;LukasKruse;Deutschland;8;0;0
1192;56;33;RomanBirjukov;Deutschland;0;0;0
1193;56;21;BangsowYannik;Deutschland;0;0;0
1194;56;27;NikoKijewski;Deutschland;31;0;0
1195;56;17;SteffenNkansah;Ghana;24;0;0
1196;56;14;RobinBecker;Deutschland;22;1;0
1197;56;19;FelixBurmeister;Deutschland;18;0;0
1198;56;2;DavidSauerland;Deutschland;16;0;2
1199;56;4;MalteAmundsen;Dänemark;13;1;0
1200;56;5;BenjaminKessel;Deutschland;10;1;0
1201;56;23;ChristophMenz;Deutschland;8;0;0
1202;56;34;JanLukasFunke;Deutschland;0;0;0
1203;56;31;BesfortKolgeci;Kosovo;0;0;0
1204;56;18;NickOtto;Deutschland;0;0;0
1205;56;8;StephanFürstner;Deutschland;27;1;0
1206;56;28;ThorsenJonas;Dänemark;15;1;0
1207;56;10;MergimFejzullahu;Albanien;13;3;0
1208;56;31;MarcPfitzner;Deutschland;12;4;0
1209;56;20;IvanFranjic;Kroatien;11;0;0
1210;56;7;BerndNehrig;Deutschland;9;1;0
1211;56;38;LeonBürger;Deutschland;6;0;0
1212;56;0;NilsRütten;Deutschland;5;0;0
1213;56;23;MichalFasko;Slowakei;1;0;0
1214;56;29;EricVeiga;Luxemburg;0;0;0
1215;56;25;OnurBulut;Türkei;22;2;0
1216;56;11;Putaro;Deutschland;19;2;0
1217;56;17;OttoYari;Deutschland;17;4;0
1218;56;22;ManuelJanzer;Deutschland;12;1;0
1219;56;34;MikeFeigenspan;Deutschland;9;2;0
1220;56;7;CanbazAhmet;Türkei;6;0;0
1221;56;26;JuliusDüker;Deutschland;4;0;0
1222;56;35;AyodeleMaxAdetula;Deutschland;1;0;0
1223;56;32;SamuelAbifade;Deutschland;0;0;0
1224;51;43;AvdoSpahic;Bosnien-Herzegowina;23;0;0
1225;51;31;KevinRauhut;Deutschland;7;0;0
1226;51;0;TimStawecki;Deutschland;1;0;0
1227;51;5;JoséMatuwila;Angola;28;1;0
1228;51;3;LasseSchlüter;Deutschland;26;1;1
1229;51;12;FabianHolthaus;Deutschland;15;0;1
1230;51;3;AndrejStartsev;Deutschland;10;0;0
1231;51;2;LukeHemmerich;Deutschland;9;0;0
1232;51;16;RobertMüller;Deutschland;9;0;0
1233;51;29;LeonSchneider;Deutschland;7;0;0
1234;51;25;MarcelBaude;Deutschland;5;0;0
1235;51;26;PhilippKnechtel;Deutschland;4;0;0
1236;51;11;StreliMamba;Deutschland;29;8;0
1237;51;10;FabioViteritti;Deutschland;29;5;1
1238;51;7;KevinWeidlich;Deutschland;29;3;0
1239;51;14;MarceloCostasdeFreitas;Brasilien;25;3;1
1240;51;8;FelixGeisler;Deutschland;25;3;1
1241;51;17;MaximilianZimmer;Deutschland;14;1;1
1242;51;20;TimKruse;Deutschland;11;0;0
1243;51;0;BohlDaniel;Deutschland;9;1;0
1244;51;35;JürgenGjasula;Albanien;9;0;2
1245;51;13;PaulGehrmann;Deutschland;8;0;0
1246;51;18;DanielStanese;Kanada;8;0;0
1247;51;33;MoritzBroschinski;Deutschland;7;0;0
1248;51;23;BenderLars;Deutschland;6;1;0
1249;51;19;FabianGraudenz;Deutschland;6;0;0
1250;51;6;JonasZickert;Deutschland;1;0;0
1251;51;34;ColinRaak;Deutschland;0;0;0
1252;51;38;DimitarRangelov;Bulgarien;15;4;0
1253;51;9;KevinScheidhauer;Deutschland;14;0;1
1254;51;27;AbdulkadirBeyazit;Türkei;4;0;0
1255;51;0;NiklasGeisler;Deutschland;1;0;0
1256;53;22;JoCoppens;Belgien;22;0;0
1257;53;1;RaphaelKoczor;Deutschland;9;0;0
1258;53;12;LukasSedlak;Deutschland;0;0;0
1259;53;15;MariusGrösch;Deutschland;29;0;0
1260;53;21;DennisSlamar;Deutschland;27;0;0
1261;53;2;FlorianBrügmann;Deutschland;22;0;0
1262;53;4;JustinGerlach;Deutschland;12;0;1
1263;53;5;MatthiasKühne;Deutschland;12;0;0
1264;53;20;DominicVolkmer;Deutschland;9;0;0
1265;53;17;PierreFassnacht;Deutschland;6;0;0
1266;53;19;MichaelSchuler;Deutschland;2;0;0
1267;53;24;ValentinReitstetter;Deutschland;0;0;0
1268;53;9;ReneEckardt;Deutschland;30;1;0
1269;53;8;MaximilianWolfram;Deutschland;24;4;0
1270;53;25;JustinSchau;Deutschland;16;0;0
1271;53;23;SörenEismann;Deutschland;11;0;0
1272;53;16;JannisKubler;Deutschland;10;0;1
1273;53;6;LoganRogerson;Neuseeland;2;0;0
1274;53;13;TomKrahnert;Deutschland;0;0;0
1275;53;10;MaximilianSchlegel;Deutschland;0;0;0
1276;53;11;ManfredStarke;Namibia;28;5;1
1277;53;18;FelixBrugmann;Deutschland;27;4;0
1278;53;29;PhillipTietz;Deutschland;26;7;0
1279;53;14;DominikBock;Deutschland;26;3;0
1280;53;7;FabienTchenkoua;Kamerun;15;1;0
1281;53;27;JulianGünther-Schmidt;Deutschland;9;5;1
1282;53;28;StenzelVincent-Louis;Deutschland;6;1;0
1283;53;13;NahrJames-Kevin;Deutschland;0;0;0
1284;53;28;NicolaJurgens;Deutschland;0;0;0
